iter,avg_best,median_best,std_best,avg_mean
0,2.23258e+08,2.24947e+08,3.96175e+07,4.7468e+08
1,3.19459e+07,3.14199e+07,6.83995e+06,8.37346e+07
2,385225,352648,174716,1.5732e+06
3,385225,352648,174716,3.34767e+07
4,384345,352648,175475,3.6466e+07
5,228455,202897,95034.1,1.80325e+06
6,228455,202897,95034.1,1.29343e+07
7,193549,174064,83994.3,7.97586e+06
8,185212,157987,85962.4,3.1875e+06
9,153623,128314,72354.1,2.4536e+06
10,148783,127308,65345.1,2.83143e+06
11,124024,108663,66218.2,1.10184e+06
12,118299,98449.9,63668,3.38836e+06
13,92374.7,85226.8,44974.2,874745
14,92121.3,85226.8,44901.8,3.73384e+06
15,79964.3,78535.9,34133,1.10446e+06
16,79964.3,78535.9,34133,3.6759e+06
17,70640.4,67606.7,33165.7,1.39647e+06
18,70640.4,67606.7,33165.7,3.2821e+06
19,60139.5,54633.5,28989,1.20448e+06
20,60139.5,54633.5,28989,2.80109e+06
21,53284.9,52902.9,25298,1.07678e+06
22,53197.8,52902.9,25275,2.42109e+06
23,45331.2,48656.6,19288.9,975056
24,45326.6,48656.6,19275.8,1.99927e+06
25,40533.4,42920.2,15479.2,749506
26,40494,42329.4,15473.7,1.7699e+06
27,37910.7,37189.4,14497.2,682250
28,37074.2,34260,14433.2,1.44095e+06
29,34040.4,30588.8,14237.4,550562
30,34033,30588.8,14232.6,1.25475e+06
31,31513.1,26603.3,14244,457874
32,31459,26603.3,14247,1.13922e+06
33,27650.6,23121.4,12440.4,439363
34,27612.3,23121.4,12352.7,960654
35,26388.9,22633.9,12553.7,380472
36,26388.9,22633.9,12553.7,822213
37,24404.3,22633.9,10221.4,328541
38,24293.3,22633.9,10318.4,726742
39,22329.6,20232.4,9548.88,297222
40,21984.8,20232.4,9200.2,595653
41,20755.1,18357.8,9273.86,264678
42,20755.1,18357.8,9273.86,495200
43,17754.2,17012,7998.03,191356
44,17701.5,17012,7958.41,427220
45,16042.9,15953.6,7763.61,163394
46,16042.9,15953.6,7763.61,367205
47,14276.9,13664.3,7400,137509
48,13881,12829,7502.53,322276
49,12860.8,10955.7,7855.22,105897
50,12860.8,10955.7,7855.22,276830
51,11941.2,10175.6,7669.07,96293.5
52,11762.1,10175.6,7346.07,245545
53,10683.1,9638.65,7095.69,106486
54,10568.5,9391.12,7083.7,198442
55,9676.29,7806.51,6878.22,82569.6
56,9573.93,6971.98,6910.69,168018
57,8949.83,6307.91,6924.86,70638.2
58,8601.96,6307.91,6526.68,149344
59,7768,5885.3,5814.72,62738.5
60,7718.28,5885.3,5837.57,119381
61,7473.49,5885.3,5743.4,51631.7
62,7371,5816.01,5433.2,101371
63,6647.78,4627.51,4999.74,49750.3
64,6625.57,4627.51,5000.17,90592.4
65,6167.02,4465.71,4863.87,40015.4
66,6009.28,4465.71,4510.46,74817.1
67,5773.81,4155.71,4487.81,34013.9
68,5736.33,4155.71,4517.37,66722
69,5150.6,4126.17,3756.48,30919.9
70,5055.38,3751.25,3704.85,57986.1
71,4580.92,3544.37,2849.95,30091.9
72,4491.69,3544.37,2790.87,46799.9
73,4191.73,3288.79,2587.78,21580.5
74,4121.05,3288.79,2496.82,41078.6
75,3817.88,2858.57,2432.01,17480.4
76,3770.55,2858.57,2413.08,36440.2
77,3384.01,2637.63,2156.32,16643.9
78,3337.97,2637.63,2123.67,31591.9
79,3229.95,2400.84,2152.72,15204.7
80,3152.65,2400.84,2095.36,27019
81,2942.07,2390.7,1942.92,11333.3
82,2883.25,2390.7,1893.02,24035.1
83,2660.32,2080.98,1795.75,10401.3
84,2648.88,2080.98,1787.96,21146.9
85,2490.65,2004.57,1738.02,9950.01
86,2345.74,2004.57,1568.56,17532.1
87,2199.78,1728.08,1449.43,8412.07
88,2088.92,1728.08,1318.04,15292.9
89,1951.24,1566.84,1272.11,7170.45
90,1905.64,1566.84,1149.84,13285.7
91,1773.83,1346.74,1152.8,6888.08
92,1708.68,1346.74,1091.55,11537.2
93,1562.62,1278.2,1009.53,5514.88
94,1500.48,1278.2,846.925,10107.8
95,1463.36,1171.41,866.272,4757.52
96,1460.42,1171.41,865.861,8766.51
97,1331.61,1028.01,835.322,4614.03
98,1310.71,972.625,842.017,7673.69
99,1271.58,967.554,841.794,4258.16
100,1223.39,941.609,821.613,6504.53
101,1150.8,870.238,838.678,3410.91
102,1114.64,870.238,799.92,5588.58
103,1067.93,792.101,775.681,2984.37
104,1005.7,782.182,645.74,4833.94
105,866.978,711.593,593.836,2567.54
106,854.108,711.593,570.565,3942.53
107,780.641,694.076,518.266,2178.1
108,761.152,694.076,486.553,3570.14
109,692.764,641.827,459.328,1786.18
110,674.31,626.317,439.972,3191.97
111,601.401,546.907,387.583,1585.58
112,589,546.907,379.235,2844.11
113,541.186,530.372,315.833,1427.43
114,532.702,530.372,311.632,2434.7
115,496.666,452.193,318.207,1369.6
116,485.488,443.467,312.412,2252.89
117,456.809,402.861,304.667,1196.16
118,447.075,402.861,295.375,1924.46
119,408.931,332.12,267.921,1034.15
120,398.794,328.94,262.601,1660.7
121,368.676,297.613,228.021,872.635
122,350.067,297.613,189.954,1495.29
123,323.585,275.82,175.902,812.817
124,317.447,262.085,167.613,1217.96
125,294.468,255.377,138.562,682.422
126,293.513,255.377,139.239,1100.77
127,278.455,254.103,135.647,631.796
128,276.807,254.103,133.132,918.686
129,247.951,215.322,119.803,513.495
130,242.265,214.855,115.736,869.845
131,221.394,186.302,111.791,478.848
132,217.513,186.302,110.636,790.107
133,203.117,163.312,104,447.757
134,202.802,163.312,104.082,696.638
135,193.832,159.69,100.297,398.119
136,193.832,159.69,100.297,619.034
137,185.06,149.272,101.456,362.508
138,183.589,149.272,101.014,564.486
139,172.661,143.451,96.1487,339.544
140,168.601,140.164,94.6468,500.024
141,161.663,131.538,93.5929,298.456
142,161.362,131.538,93.7571,449.539
143,151.753,114.171,91.6201,276.879
144,150.499,114.171,89.1612,405.283
145,143.021,109.88,88.6901,253.505
146,142.452,109.88,88.3593,358.139
147,132.806,97.4232,89.5163,216.394
148,131.449,97.4232,84.9739,331.044
149,123.176,93.6788,85.0676,202.045
150,122.515,93.6788,83.8771,304.221
151,117.468,85.9111,83.848,192.587
152,116.343,81.1775,83.1342,274.443
153,110.73,77.0191,81.027,180.189
154,110.374,77.0191,81.0517,251.322
155,105.398,75.3723,79.9793,162.327
156,104.971,75.3723,79.3229,234.89
157,98.7242,70.259,76.6946,151.105
158,97.3435,69.6382,75.3602,217.644
159,92.5434,62.4465,76.5833,142.316
160,90.334,61.8708,75.6004,193.013
161,87.9645,59.464,75.345,130.946
162,87.8295,59.464,75.3464,183.669
163,84.5141,55.9992,74.5581,124.054
164,84.2089,55.9992,74.5305,162.262
165,80.3593,51.9267,74.685,110.885
166,79.7897,51.9267,74.7172,150.825
167,76.5297,48.855,74.7042,103.74
168,76.3763,48.855,74.7255,141.466
169,72.514,45.394,74.0775,97.2221
170,72.1796,45.394,74.1464,134.3
171,70.6401,43.0578,74.6837,93.9165
172,70.5697,42.9935,74.6279,125.888
173,67.91,40.7091,72.6653,90.1326
174,67.91,40.7091,72.6653,117.552
175,66.134,39.3688,72.381,85.0054
176,65.1568,39.3688,71.6018,112.243
177,63.3126,38.4996,69.9339,82.2121
178,62.9863,38.4996,69.7338,103.544
179,61.4071,38.2786,67.6717,77.9618
180,61.272,38.2786,67.3886,98.5775
181,59.8539,37.142,66.2171,74.5197
182,59.4182,37.142,65.2467,93.4453
183,58.6217,36.7523,65.2997,71.1756
184,57.5636,36.7523,64.0867,88.5794
185,56.4805,36.0991,63.4849,68.6555
186,55.6301,36.0991,61.3146,84.9047
187,54.7611,35.3617,61.4969,66.2168
188,54.6395,35.3617,61.4183,80.0984
189,53.7478,34.7327,60.836,63.0991
190,53.4842,34.7327,60.6277,76.5678
191,52.4197,33.8693,59.622,60.9418
192,51.819,33.8693,57.1444,73.4699
193,50.4616,33.1547,56.7315,58.5452
194,50.3926,33.1547,56.7511,70.0546
195,49.3226,32.8591,55.1928,56.843
196,49.1467,32.8591,55.0401,66.9718
197,47.704,31.7984,53.6642,55.0333
198,47.4351,31.7984,52.3135,63.7457
199,46.7599,31.6875,51.8126,52.7056
200,46.1717,31.6875,50.4263,61.12
201,45.0582,31.2904,48.4915,50.5558
202,44.6063,31.2904,47.566,58.9556
203,43.6928,31.2033,45.6779,49.0218
204,43.1361,31.2033,43.8764,56.7259
205,42.7769,31.0117,43.8063,47.825
206,42.3816,31.0117,42.7285,54.2791
207,41.8816,30.7625,41.6376,46.155
208,41.2562,30.7625,39.7974,52.3956
209,40.462,30.4979,38.0937,44.7086
210,40.1232,30.4979,36.5622,49.7175
211,39.602,30.3765,36.1545,43.1477
212,39.3292,30.3765,34.8175,48.0645
213,38.6982,30.2994,33.2409,41.9769
214,38.5296,30.2994,32.4678,46.395
215,37.7311,30.0949,29.9451,40.8291
216,37.5843,30.0949,29.2511,45.0495
217,37.1139,29.939,28.0884,40.026
218,36.6867,29.9351,26.1304,43.4658
219,36.4683,29.764,25.8517,39.0191
220,35.9976,29.764,23.8782,42.3204
221,35.7107,29.6974,23.0093,38.1167
222,35.4254,29.6974,21.8201,41.2691
223,35.0922,29.5835,20.8195,37.3426
224,34.8962,29.5835,20.0792,40.2804
225,34.5439,29.4754,19.2198,36.6101
226,34.2354,29.4754,18.1108,39.1223
227,33.9146,29.3371,17.3594,35.7008
228,33.7314,29.3371,16.7584,38.1588
229,33.3982,29.2961,15.935,35.0705
230,33.1995,29.2961,15.4024,37.4289
231,32.9298,29.2752,14.9726,34.5431
232,32.6249,29.2752,14.3624,36.513
233,32.4701,29.221,14.1306,33.9629
234,32.1964,29.221,13.6174,35.7446
235,32.054,29.0631,13.5426,33.3731
236,31.8656,29.0395,13.3929,35.0833
237,31.7399,29.0022,13.2314,32.887
238,31.6373,29.0022,13.1892,34.592
239,31.5125,28.9982,13.165,32.5959
240,31.4892,28.9982,13.0622,34.0977
241,31.4092,28.9741,13.0262,32.3464
242,31.4048,28.9741,13.0263,33.8878
243,31.3341,28.8222,13.0285,32.2513
244,31.3335,28.8222,13.0287,33.6187
245,31.2732,28.8222,12.959,32.1347
246,31.273,28.8222,12.9591,33.269
247,31.2202,28.8061,12.8932,31.9856
248,31.2186,28.8061,12.8935,32.9758
249,31.1774,28.7822,12.8929,31.8309
250,31.1761,28.7822,12.8931,32.7577
251,31.1353,28.7343,12.8562,31.7162
252,31.1328,28.7343,12.8566,32.563
253,31.0589,28.7181,12.8407,31.6138
254,31.0576,28.7181,12.841,32.3701
255,31.0103,28.6667,12.8087,31.5223
256,31.0066,28.6667,12.8093,32.1822
257,30.9583,28.6372,12.7499,31.406
258,30.9539,28.6372,12.7357,32.0592
259,30.9121,28.6053,12.6649,31.3144
260,30.9108,28.6053,12.6651,31.9738
261,30.885,28.564,12.6698,31.2563
262,30.8727,28.564,12.6241,31.8182
263,30.8335,28.537,12.6311,31.18
264,30.8291,28.537,12.6318,31.7239
265,30.7981,28.5103,12.6374,31.1212
266,30.7788,28.4882,12.55,31.585
267,30.738,28.4773,12.492,31.0679
268,30.7369,28.4773,12.4922,31.4656
269,30.723,28.4647,12.4952,31.0208
270,30.7197,28.4579,12.4957,31.3735
271,30.7011,28.4579,12.4993,30.9639
272,30.7004,28.452,12.4994,31.2763
273,30.6824,28.4303,12.503,30.9068
274,30.6824,28.4303,12.503,31.1938
275,30.6573,28.4031,12.501,30.8714
276,30.653,28.4031,12.5017,31.1445
277,30.6218,28.3846,12.439,30.841
278,30.6169,28.3826,12.4372,31.082
279,30.5973,28.3802,12.4319,30.8079
280,30.5822,28.3499,12.3916,30.9962
281,30.5647,28.3393,12.3866,30.7594
282,30.5537,28.3393,12.3537,30.9509
283,30.5312,28.3253,12.3188,30.7111
284,30.5206,28.3253,12.3205,30.8815
285,30.495,28.313,12.258,30.6656
286,30.4917,28.3057,12.2544,30.8059
287,30.4688,28.2697,12.2051,30.6199
288,30.4529,28.2691,12.1624,30.7406
289,30.4256,28.252,12.1267,30.5746
290,30.411,28.2342,12.0724,30.6853
291,30.3888,28.2339,12.0243,30.5291
292,30.3758,28.2245,11.9758,30.6255
293,30.3539,28.2001,11.9342,30.4872
294,30.3421,28.2001,11.8896,30.5684
295,30.3226,28.174,11.8642,30.4444
296,30.311,28.174,11.8302,30.5211
297,30.29,28.1583,11.8087,30.4118
298,30.2808,28.1439,11.777,30.4605
299,30.2629,28.1213,11.7593,30.3656
300,30.2505,28.1213,11.724,30.4206
301,30.2312,28.1104,11.7057,30.3257
302,30.2255,28.1091,11.697,30.3825
303,30.205,28.0734,11.6851,30.2926
304,30.2002,28.0734,11.6807,30.3454
305,30.1819,28.062,11.6697,30.2702
306,30.1785,28.062,11.6666,30.3095
307,30.1637,28.0529,11.6525,30.2424
308,30.1588,28.0517,11.6471,30.2694
309,30.1415,28.0273,11.6493,30.2103
310,30.1314,28.0199,11.6402,30.2376
311,30.1117,28.0035,11.6439,30.178
312,30.1085,28.0003,11.6444,30.2054
313,30.093,27.9769,11.6367,30.1529
314,30.0855,27.97,11.638,30.176
315,30.068,27.9606,11.6338,30.1268
316,30.0616,27.9452,11.6313,30.1428
317,30.0447,27.9249,11.627,30.0954
318,30.0349,27.9065,11.6287,30.1105
319,30.0183,27.8905,11.6219,30.0665
320,30.0113,27.8843,11.618,30.078
321,29.9941,27.8658,11.6125,30.0353
322,29.9858,27.8658,11.607,30.0507
323,29.968,27.8529,11.6061,30.009
324,29.9583,27.8529,11.6056,30.0209
325,29.9431,27.8293,11.5955,29.9814
326,29.9344,27.8293,11.5927,29.9929
327,29.9193,27.8176,11.5896,29.9537
328,29.9091,27.8176,11.5851,29.9609
329,29.892,27.8017,11.5832,29.9263
330,29.8816,27.7906,11.579,29.9303
331,29.8646,27.7716,11.5746,29.8987
332,29.8526,27.7587,11.572,29.8993
333,29.8362,27.7429,11.5721,29.8705
334,29.8237,27.7378,11.5651,29.8676
335,29.8089,27.7218,11.5678,29.84
336,29.7954,27.703,11.5662,29.8376
337,29.7781,27.6913,11.5627,29.8087
338,29.7673,27.6859,11.5575,29.8051
339,29.748,27.6605,11.5538,29.7782
340,29.7366,27.6435,11.5496,29.774
341,29.7213,27.6261,11.5522,29.7482
342,29.7059,27.6129,11.5447,29.7416
343,29.6906,27.5927,11.5443,29.7159
344,29.673,27.5782,11.5318,29.7074
345,29.6537,27.5586,11.5227,29.6825
346,29.6422,27.5432,11.5191,29.6717
347,29.6241,27.5213,11.5068,29.6485
348,29.6054,27.4969,11.4899,29.636
349,29.5902,27.4791,11.4918,29.6134
350,29.5718,27.4617,11.4734,29.6006
351,29.5513,27.4391,11.4587,29.5765
352,29.5335,27.4194,11.4462,29.563
353,29.5136,27.401,11.4344,29.5376
354,29.493,27.3773,11.41,29.5231
355,29.4731,27.3606,11.3897,29.4988
356,29.4561,27.3466,11.3848,29.4829
357,29.4379,27.325,11.3705,29.4599
358,29.4178,27.3069,11.3535,29.4439
359,29.3964,27.2959,11.3298,29.421
360,29.3813,27.2792,11.3297,29.4058
361,29.3614,27.2623,11.3157,29.3835
362,29.3443,27.2475,11.3051,29.3683
363,29.3276,27.2345,11.2988,29.3477
364,29.3112,27.2261,11.2909,29.3328
365,29.2936,27.2095,11.2848,29.313
366,29.2762,27.2051,11.274,29.2974
367,29.2565,27.1925,11.2674,29.2778
368,29.2419,27.1771,11.2595,29.2617
369,29.2254,27.1665,11.2491,29.2434
370,29.2082,27.1565,11.2405,29.2271
371,29.1913,27.1394,11.2294,29.2087
372,29.1731,27.1227,11.2163,29.1916
373,29.1538,27.112,11.2006,29.1729
374,29.1369,27.0952,11.1919,29.156
375,29.1214,27.0839,11.1849,29.1384
376,29.1047,27.0676,11.1803,29.1227
377,29.0898,27.0553,11.1732,29.106
378,29.0731,27.0397,11.1714,29.0908
379,29.0578,27.0249,11.1629,29.0742
380,29.0426,27.0089,11.1614,29.0592
381,29.028,26.9941,11.1567,29.0435
382,29.0137,26.9785,11.1525,29.0288
383,28.9982,26.9627,11.1458,29.0136
384,28.9847,26.9501,11.1444,28.9992
385,28.969,26.9381,11.1372,28.9845
386,28.9556,26.9254,11.1365,28.9698
387,28.9409,26.9096,11.1308,28.9553
388,28.927,26.9,11.1284,28.9409
389,28.9136,26.889,11.1256,28.9265
390,28.8992,26.8742,11.1231,28.9125
391,28.8864,26.8644,11.122,28.8988
392,28.8732,26.8468,11.1208,28.8852
393,28.8594,26.8371,11.1188,28.8719
394,28.8471,26.824,11.1178,28.8586
395,28.8331,26.8076,11.1171,28.8455
396,28.8209,26.8016,11.1159,28.8325
397,28.8086,26.7891,11.1146,28.8202
398,28.7959,26.7769,11.1146,28.8079
399,28.7853,26.7675,11.1121,28.7958
400,28.7729,26.7495,11.1126,28.7838
401,28.7621,26.7407,11.1112,28.7724
402,28.7501,26.7242,11.1117,28.7607
403,28.739,26.7156,11.111,28.7488
404,28.727,26.6999,11.1104,28.7373
405,28.716,26.6873,11.1099,28.7259
406,28.7051,26.6778,11.1099,28.715
407,28.6947,26.6674,11.1097,28.7039
408,28.6837,26.6523,11.11,28.6936
409,28.6737,26.6433,11.1092,28.6828
410,28.6641,26.6292,11.1078,28.6726
411,28.6534,26.6197,11.1064,28.6622
412,28.6438,26.6088,11.1068,28.6521
413,28.6335,26.5964,11.105,28.6419
414,28.624,26.5858,11.1054,28.6319
415,28.6134,26.5747,11.1021,28.6221
416,28.6043,26.5658,11.0998,28.6124
417,28.5949,26.5564,11.0991,28.6028
418,28.5855,26.5458,11.0968,28.5931
419,28.5756,26.537,11.0956,28.5837
420,28.5662,26.5267,11.0927,28.5744
421,28.558,26.5196,11.0913,28.5651
422,28.5488,26.5144,11.0896,28.5561
423,28.5393,26.5056,11.0869,28.5471
424,28.5313,26.4965,11.0861,28.5382
425,28.5222,26.4913,11.0849,28.5295
426,28.5135,26.4803,11.0838,28.5209
427,28.5061,26.4744,11.0833,28.5126
428,28.4973,26.4648,11.081,28.5044
429,28.4895,26.4581,11.0803,28.4961
430,28.4816,26.4515,11.0799,28.488
431,28.474,26.4435,11.0797,28.4801
432,28.467,26.4371,11.0791,28.4725
433,28.459,26.4288,11.0787,28.465
434,28.4519,26.4215,11.0791,28.4576
435,28.4449,26.4142,11.0785,28.4505
436,28.4384,26.4093,11.0773,28.4434
437,28.4309,26.403,11.0777,28.4364
438,28.4245,26.3957,11.0764,28.4296
439,28.4169,26.3878,11.0738,28.4226
440,28.4107,26.383,11.073,28.4157
441,28.4039,26.3753,11.0721,28.409
442,28.3975,26.3706,11.0702,28.4024
443,28.3907,26.3626,11.0685,28.396
444,28.3845,26.3561,11.0678,28.3896
445,28.3783,26.3507,11.0655,28.3832
446,28.3725,26.3447,11.0649,28.3771
447,28.3668,26.3386,11.0644,28.3711
448,28.361,26.3328,11.0642,28.3654
449,28.3555,26.3264,11.0638,28.3597
450,28.3499,26.3206,11.0632,28.3541
451,28.3444,26.3155,11.0627,28.3485
452,28.339,26.3091,11.0624,28.3431
453,28.3341,26.3044,11.0619,28.3378
454,28.3286,26.2996,11.0603,28.3324
455,28.3236,26.2941,11.06,28.3273
456,28.3186,26.2898,11.059,28.3222
457,28.3135,26.2843,11.0582,28.3171
458,28.3086,26.279,11.0572,28.3122
459,28.3037,26.2744,11.0552,28.3073
460,28.2986,26.2692,11.0541,28.3023
461,28.2939,26.2646,11.0526,28.2975
462,28.2894,26.2601,11.052,28.2928
463,28.2849,26.2565,11.0505,28.2882
464,28.2804,26.2513,11.0489,28.2838
465,28.2762,26.2477,11.049,28.2794
466,28.2717,26.2441,11.0475,28.2752
467,28.2679,26.2399,11.0471,28.2709
468,28.2637,26.2361,11.0461,28.2668
469,28.2599,26.2318,11.0457,28.2628
470,28.2561,26.2286,11.0441,28.259
471,28.2524,26.2247,11.0438,28.2552
472,28.2487,26.2217,11.043,28.2513
473,28.2447,26.2174,11.0418,28.2475
474,28.2412,26.2139,11.0413,28.2439
475,28.2376,26.2114,11.0403,28.2403
476,28.2342,26.2089,11.0396,28.2368
477,28.2308,26.2057,11.0387,28.2333
478,28.2274,26.203,11.0379,28.2298
479,28.2241,26.1992,11.0368,28.2265
480,28.2209,26.1966,11.0361,28.2232
481,28.2177,26.1931,11.0354,28.22
482,28.2144,26.1899,11.0347,28.2169
483,28.2114,26.1868,11.0344,28.2137
484,28.2082,26.184,11.0329,28.2106
485,28.2054,26.1808,11.0325,28.2076
486,28.2024,26.1776,11.0319,28.2046
487,28.1996,26.1751,11.0314,28.2017
488,28.1967,26.1719,11.0307,28.1988
489,28.1941,26.1701,11.0302,28.196
490,28.1911,26.1675,11.0297,28.1932
491,28.1885,26.1652,11.0291,28.1905
492,28.1858,26.1624,11.0285,28.1878
493,28.1833,26.1605,11.028,28.1851
494,28.1806,26.1579,11.0275,28.1825
495,28.1782,26.1554,11.0271,28.1799
496,28.1756,26.1531,11.0266,28.1774
497,28.1732,26.151,11.0261,28.175
498,28.1708,26.1486,11.0254,28.1725
499,28.1684,26.1469,11.0247,28.1702
500,28.1662,26.1447,11.0242,28.1679
501,28.164,26.1424,11.0236,28.1657
502,28.162,26.1409,11.0229,28.1635
503,28.1599,26.1389,11.0226,28.1614
504,28.1579,26.1373,11.022,28.1593
505,28.1557,26.1351,11.0216,28.1573
506,28.1539,26.1335,11.0212,28.1553
507,28.1518,26.1318,11.0204,28.1533
508,28.15,26.1302,11.0197,28.1514
509,28.1482,26.1281,11.0194,28.1496
510,28.1463,26.1261,11.0185,28.1477
511,28.1446,26.1246,11.0183,28.1459
512,28.1428,26.1228,11.018,28.1441
513,28.1411,26.1216,11.0175,28.1424
514,28.1394,26.1197,11.0174,28.1406
515,28.1378,26.1183,11.017,28.139
516,28.1361,26.1166,11.0165,28.1373
517,28.1345,26.1154,11.016,28.1357
518,28.1328,26.1139,11.0159,28.1341
519,28.1314,26.1123,11.0154,28.1325
520,28.1298,26.1107,11.0148,28.131
521,28.1283,26.109,11.0142,28.1295
522,28.1269,26.1075,11.014,28.128
523,28.1256,26.1058,11.0135,28.1266
524,28.1242,26.1039,11.013,28.1252
525,28.1229,26.1028,11.0126,28.1238
526,28.1216,26.1012,11.0122,28.1225
527,28.1202,26.0997,11.0116,28.1212
528,28.119,26.0983,11.011,28.1198
529,28.1175,26.0968,11.0103,28.1185
530,28.1163,26.0956,11.0098,28.1172
531,28.1151,26.0942,11.0093,28.1159
532,28.1138,26.0929,11.0087,28.1147
533,28.1126,26.0914,11.0082,28.1135
534,28.1114,26.0901,11.0076,28.1122
535,28.1102,26.0892,11.007,28.111
536,28.1091,26.0878,11.0064,28.1099
537,28.1081,26.087,11.0063,28.1088
538,28.107,26.0859,11.0057,28.1078
539,28.106,26.0848,11.0054,28.1068
540,28.105,26.0837,11.0051,28.1058
541,28.1041,26.0827,11.0049,28.1048
542,28.1032,26.0817,11.0046,28.1039
543,28.1024,26.0805,11.0045,28.103
544,28.1015,26.0797,11.0042,28.1021
545,28.1007,26.0791,11.004,28.1013
546,28.0998,26.0783,11.0039,28.1004
547,28.099,26.0776,11.0037,28.0996
548,28.0981,26.0769,11.0033,28.0987
549,28.0973,26.0762,11.0033,28.0979
550,28.0965,26.0754,11.0029,28.0971
551,28.0957,26.0749,11.0027,28.0963
552,28.095,26.0743,11.0024,28.0955
553,28.0942,26.0736,11.0022,28.0948
554,28.0935,26.073,11.0018,28.094
555,28.0928,26.0722,11.0016,28.0933
556,28.0921,26.0715,11.0013,28.0926
557,28.0913,26.0709,11.001,28.0919
558,28.0907,26.0702,11.0007,28.0912
559,28.09,26.0697,11.0003,28.0905
560,28.0894,26.069,11.0001,28.0898
561,28.0887,26.0682,10.9998,28.0892
562,28.0881,26.0677,10.9995,28.0885
563,28.0875,26.0671,10.9993,28.0879
564,28.0869,26.0665,10.9991,28.0873
565,28.0863,26.0659,10.9989,28.0868
566,28.0858,26.0653,10.9986,28.0862
567,28.0852,26.0646,10.9983,28.0856
568,28.0846,26.064,10.998,28.085
569,28.084,26.0634,10.9977,28.0845
570,28.0834,26.0628,10.9973,28.0839
571,28.0829,26.0624,10.9971,28.0833
572,28.0824,26.0618,10.9971,28.0828
573,28.0818,26.0613,10.9967,28.0823
574,28.0814,26.061,10.9965,28.0818
575,28.0809,26.0604,10.9964,28.0812
576,28.0804,26.0601,10.9961,28.0808
577,28.0799,26.0596,10.9959,28.0803
578,28.0794,26.0592,10.9957,28.0798
579,28.079,26.0587,10.9956,28.0793
580,28.0785,26.058,10.9953,28.0789
581,28.0781,26.0577,10.9953,28.0784
582,28.0777,26.0574,10.995,28.078
583,28.0772,26.0569,10.995,28.0776
584,28.0768,26.0563,10.9949,28.0772
585,28.0764,26.0558,10.9948,28.0768
586,28.0761,26.0555,10.9946,28.0764
587,28.0757,26.0551,10.9946,28.076
588,28.0753,26.0546,10.9945,28.0756
589,28.075,26.0542,10.9945,28.0753
590,28.0746,26.0538,10.9944,28.0749
591,28.0743,26.0534,10.9944,28.0746
592,28.074,26.0532,10.9943,28.0743
593,28.0737,26.053,10.9942,28.0739
594,28.0734,26.0527,10.9942,28.0736
595,28.0731,26.0525,10.9941,28.0733
596,28.0728,26.0523,10.994,28.073
597,28.0725,26.0522,10.9939,28.0727
598,28.0722,26.052,10.9939,28.0724
599,28.0719,26.0517,10.9938,28.0721
600,28.0716,26.0515,10.9937,28.0718
601,28.0713,26.0513,10.9936,28.0715
602,28.071,26.0511,10.9935,28.0712
603,28.0707,26.0509,10.9934,28.0709
604,28.0704,26.0507,10.9933,28.0706
605,28.0701,26.0505,10.9933,28.0703
606,28.0698,26.0503,10.9931,28.07
607,28.0695,26.0501,10.9931,28.0698
608,28.0692,26.0498,10.993,28.0695
609,28.069,26.0496,10.993,28.0692
610,28.0687,26.0494,10.9929,28.0689
611,28.0684,26.0492,10.9928,28.0686
612,28.0681,26.0489,10.9927,28.0684
613,28.0679,26.0487,10.9926,28.0681
614,28.0676,26.0485,10.9926,28.0678
615,28.0674,26.0482,10.9925,28.0676
616,28.0671,26.048,10.9925,28.0674
617,28.0669,26.0478,10.9925,28.0671
618,28.0667,26.0476,10.9924,28.0669
619,28.0665,26.0474,10.9924,28.0667
620,28.0663,26.0472,10.9923,28.0665
621,28.0661,26.047,10.9923,28.0663
622,28.0659,26.0468,10.9922,28.0661
623,28.0657,26.0466,10.9922,28.0659
624,28.0655,26.0464,10.9921,28.0657
625,28.0653,26.0462,10.9921,28.0655
626,28.0652,26.046,10.9921,28.0653
627,28.065,26.0458,10.992,28.0652
628,28.0648,26.0455,10.9919,28.065
629,28.0646,26.0454,10.9919,28.0648
630,28.0645,26.0451,10.9919,28.0646
631,28.0643,26.0449,10.9919,28.0645
632,28.0642,26.0447,10.9919,28.0643
633,28.064,26.0446,10.9918,28.0642
634,28.0638,26.0444,10.9918,28.064
635,28.0637,26.0442,10.9917,28.0639
636,28.0636,26.044,10.9917,28.0637
637,28.0634,26.0439,10.9917,28.0636
638,28.0633,26.0438,10.9916,28.0634
639,28.0632,26.0436,10.9916,28.0633
640,28.063,26.0435,10.9916,28.0632
641,28.0629,26.0433,10.9916,28.063
642,28.0628,26.0432,10.9916,28.0629
643,28.0627,26.043,10.9915,28.0628
644,28.0625,26.0429,10.9915,28.0627
645,28.0624,26.0428,10.9915,28.0626
646,28.0623,26.0427,10.9915,28.0624
647,28.0622,26.0426,10.9914,28.0623
648,28.0621,26.0424,10.9914,28.0622
649,28.062,26.0423,10.9914,28.0621
650,28.0619,26.0423,10.9914,28.062
651,28.0618,26.0422,10.9914,28.0619
652,28.0617,26.042,10.9914,28.0618
653,28.0616,26.0419,10.9914,28.0617
654,28.0615,26.0418,10.9913,28.0616
655,28.0614,26.0418,10.9913,28.0615
656,28.0613,26.0417,10.9913,28.0614
657,28.0612,26.0416,10.9913,28.0613
658,28.0611,26.0415,10.9913,28.0612
659,28.0611,26.0415,10.9913,28.0611
660,28.061,26.0414,10.9912,28.0611
661,28.0609,26.0414,10.9912,28.061
662,28.0608,26.0413,10.9912,28.0609
663,28.0607,26.0412,10.9912,28.0608
664,28.0607,26.0412,10.9912,28.0607
665,28.0606,26.0411,10.9911,28.0607
666,28.0605,26.0411,10.9911,28.0606
667,28.0605,26.041,10.9911,28.0605
668,28.0604,26.0409,10.9911,28.0605
669,28.0603,26.0409,10.9911,28.0604
670,28.0602,26.0408,10.9911,28.0603
671,28.0602,26.0408,10.9911,28.0603
672,28.0601,26.0407,10.9911,28.0602
673,28.0601,26.0407,10.991,28.0601
674,28.06,26.0406,10.991,28.0601
675,28.0599,26.0406,10.991,28.06
676,28.0599,26.0405,10.991,28.0599
677,28.0598,26.0405,10.991,28.0599
678,28.0598,26.0404,10.991,28.0598
679,28.0597,26.0404,10.991,28.0598
680,28.0597,26.0403,10.991,28.0597
681,28.0596,26.0402,10.991,28.0597
682,28.0595,26.0402,10.9909,28.0596
683,28.0595,26.0402,10.9909,28.0596
684,28.0594,26.0401,10.9909,28.0595
685,28.0594,26.04,10.9909,28.0595
686,28.0593,26.04,10.9909,28.0594
687,28.0593,26.04,10.9909,28.0594
688,28.0592,26.0399,10.9909,28.0593
689,28.0592,26.0399,10.9909,28.0593
690,28.0592,26.0398,10.9909,28.0592
691,28.0591,26.0398,10.9909,28.0592
692,28.0591,26.0398,10.9909,28.0591
693,28.059,26.0397,10.9908,28.0591
694,28.059,26.0397,10.9908,28.059
695,28.0589,26.0396,10.9908,28.059
696,28.0589,26.0396,10.9908,28.0589
697,28.0588,26.0396,10.9908,28.0589
698,28.0588,26.0395,10.9908,28.0589
699,28.0588,26.0395,10.9908,28.0588
700,28.0587,26.0395,10.9908,28.0588
701,28.0587,26.0395,10.9908,28.0587
702,28.0586,26.0394,10.9907,28.0587
703,28.0586,26.0394,10.9907,28.0587
704,28.0586,26.0394,10.9907,28.0586
705,28.0585,26.0393,10.9907,28.0586
706,28.0585,26.0393,10.9907,28.0585
707,28.0585,26.0393,10.9907,28.0585
708,28.0584,26.0393,10.9907,28.0585
709,28.0584,26.0392,10.9907,28.0584
710,28.0584,26.0392,10.9906,28.0584
711,28.0583,26.0392,10.9906,28.0584
712,28.0583,26.0392,10.9906,28.0583
713,28.0583,26.0392,10.9906,28.0583
714,28.0582,26.0391,10.9906,28.0583
715,28.0582,26.0391,10.9906,28.0583
716,28.0582,26.0391,10.9906,28.0582
717,28.0582,26.0391,10.9906,28.0582
718,28.0581,26.0391,10.9906,28.0582
719,28.0581,26.039,10.9905,28.0581
720,28.0581,26.039,10.9905,28.0581
721,28.0581,26.039,10.9905,28.0581
722,28.058,26.039,10.9905,28.0581
723,28.058,26.039,10.9905,28.0581
724,28.058,26.0389,10.9905,28.058
725,28.058,26.0389,10.9905,28.058
726,28.058,26.0389,10.9905,28.058
727,28.0579,26.0389,10.9905,28.058
728,28.0579,26.0389,10.9905,28.0579
729,28.0579,26.0389,10.9905,28.0579
730,28.0579,26.0388,10.9905,28.0579
731,28.0578,26.0388,10.9904,28.0579
732,28.0578,26.0388,10.9904,28.0579
733,28.0578,26.0388,10.9904,28.0578
734,28.0578,26.0388,10.9904,28.0578
735,28.0578,26.0387,10.9904,28.0578
736,28.0578,26.0387,10.9904,28.0578
737,28.0577,26.0387,10.9904,28.0578
738,28.0577,26.0387,10.9904,28.0577
739,28.0577,26.0387,10.9904,28.0577
740,28.0577,26.0387,10.9904,28.0577
741,28.0577,26.0386,10.9904,28.0577
742,28.0577,26.0386,10.9904,28.0577
743,28.0576,26.0386,10.9904,28.0577
744,28.0576,26.0386,10.9904,28.0577
745,28.0576,26.0386,10.9904,28.0576
746,28.0576,26.0386,10.9904,28.0576
747,28.0576,26.0386,10.9904,28.0576
748,28.0576,26.0385,10.9904,28.0576
749,28.0576,26.0385,10.9904,28.0576
750,28.0575,26.0385,10.9904,28.0576
751,28.0575,26.0385,10.9904,28.0576
752,28.0575,26.0385,10.9904,28.0575
753,28.0575,26.0385,10.9904,28.0575
754,28.0575,26.0385,10.9904,28.0575
755,28.0575,26.0385,10.9903,28.0575
756,28.0575,26.0385,10.9903,28.0575
757,28.0575,26.0384,10.9903,28.0575
758,28.0575,26.0384,10.9903,28.0575
759,28.0574,26.0384,10.9903,28.0575
760,28.0574,26.0384,10.9903,28.0574
761,28.0574,26.0384,10.9903,28.0574
762,28.0574,26.0384,10.9903,28.0574
763,28.0574,26.0384,10.9903,28.0574
764,28.0574,26.0384,10.9903,28.0574
765,28.0574,26.0384,10.9903,28.0574
766,28.0574,26.0384,10.9903,28.0574
767,28.0574,26.0384,10.9903,28.0574
768,28.0574,26.0383,10.9903,28.0574
769,28.0574,26.0383,10.9903,28.0574
770,28.0573,26.0383,10.9903,28.0574
771,28.0573,26.0383,10.9903,28.0573
772,28.0573,26.0383,10.9903,28.0573
773,28.0573,26.0383,10.9903,28.0573
774,28.0573,26.0383,10.9903,28.0573
775,28.0573,26.0383,10.9903,28.0573
776,28.0573,26.0383,10.9903,28.0573
777,28.0573,26.0383,10.9903,28.0573
778,28.0573,26.0383,10.9903,28.0573
779,28.0573,26.0383,10.9903,28.0573
780,28.0573,26.0383,10.9903,28.0573
781,28.0573,26.0383,10.9903,28.0573
782,28.0573,26.0383,10.9903,28.0573
783,28.0573,26.0382,10.9903,28.0573
784,28.0572,26.0382,10.9903,28.0573
785,28.0572,26.0382,10.9903,28.0573
786,28.0572,26.0382,10.9903,28.0572
787,28.0572,26.0382,10.9903,28.0572
788,28.0572,26.0382,10.9903,28.0572
789,28.0572,26.0382,10.9903,28.0572
790,28.0572,26.0382,10.9903,28.0572
791,28.0572,26.0382,10.9903,28.0572
792,28.0572,26.0382,10.9903,28.0572
793,28.0572,26.0382,10.9903,28.0572
794,28.0572,26.0382,10.9903,28.0572
795,28.0572,26.0382,10.9903,28.0572
796,28.0572,26.0382,10.9903,28.0572
797,28.0572,26.0382,10.9903,28.0572
798,28.0572,26.0382,10.9903,28.0572
799,28.0572,26.0382,10.9903,28.0572
800,28.0572,26.0382,10.9903,28.0572
801,28.0572,26.0382,10.9903,28.0572
802,28.0572,26.0382,10.9903,28.0572
803,28.0572,26.0382,10.9903,28.0572
804,28.0572,26.0382,10.9903,28.0572
805,28.0572,26.0382,10.9903,28.0572
806,28.0572,26.0382,10.9903,28.0572
807,28.0571,26.0382,10.9903,28.0572
808,28.0571,26.0382,10.9903,28.0572
809,28.0571,26.0382,10.9903,28.0571
810,28.0571,26.0382,10.9903,28.0571
811,28.0571,26.0382,10.9903,28.0571
812,28.0571,26.0382,10.9903,28.0571
813,28.0571,26.0381,10.9903,28.0571
814,28.0571,26.0381,10.9903,28.0571
815,28.0571,26.0381,10.9903,28.0571
816,28.0571,26.0381,10.9903,28.0571
817,28.0571,26.0381,10.9903,28.0571
818,28.0571,26.0381,10.9903,28.0571
819,28.0571,26.0381,10.9903,28.0571
820,28.0571,26.0381,10.9903,28.0571
821,28.0571,26.0381,10.9903,28.0571
822,28.0571,26.0381,10.9903,28.0571
823,28.0571,26.0381,10.9903,28.0571
824,28.0571,26.0381,10.9902,28.0571
825,28.0571,26.0381,10.9902,28.0571
826,28.0571,26.0381,10.9902,28.0571
827,28.0571,26.0381,10.9902,28.0571
828,28.0571,26.0381,10.9902,28.0571
829,28.0571,26.0381,10.9902,28.0571
830,28.0571,26.0381,10.9902,28.0571
831,28.0571,26.0381,10.9902,28.0571
832,28.0571,26.0381,10.9902,28.0571
833,28.0571,26.0381,10.9902,28.0571
834,28.0571,26.0381,10.9902,28.0571
835,28.0571,26.0381,10.9902,28.0571
836,28.0571,26.0381,10.9902,28.0571
837,28.0571,26.0381,10.9902,28.0571
838,28.0571,26.0381,10.9902,28.0571
839,28.0571,26.0381,10.9902,28.0571
840,28.0571,26.0381,10.9902,28.0571
841,28.0571,26.0381,10.9902,28.0571
842,28.0571,26.0381,10.9902,28.0571
843,28.0571,26.0381,10.9902,28.0571
844,28.0571,26.0381,10.9902,28.0571
845,28.0571,26.0381,10.9902,28.0571
846,28.0571,26.0381,10.9902,28.0571
847,28.0571,26.0381,10.9902,28.0571
848,28.0571,26.0381,10.9902,28.0571
849,28.0571,26.0381,10.9902,28.0571
850,28.0571,26.0381,10.9902,28.0571
851,28.0571,26.0381,10.9902,28.0571
852,28.0571,26.0381,10.9902,28.0571
853,28.0571,26.0381,10.9902,28.0571
854,28.0571,26.0381,10.9902,28.0571
855,28.0571,26.0381,10.9902,28.0571
856,28.0571,26.0381,10.9902,28.0571
857,28.0571,26.0381,10.9902,28.0571
858,28.0571,26.0381,10.9902,28.0571
859,28.0571,26.0381,10.9902,28.0571
860,28.0571,26.0381,10.9902,28.0571
861,28.0571,26.0381,10.9902,28.0571
862,28.0571,26.0381,10.9902,28.0571
863,28.0571,26.0381,10.9902,28.0571
864,28.057,26.0381,10.9902,28.0571
865,28.057,26.0381,10.9902,28.0571
866,28.057,26.0381,10.9902,28.057
867,28.057,26.0381,10.9902,28.057
868,28.057,26.0381,10.9902,28.057
869,28.057,26.0381,10.9902,28.057
870,28.057,26.0381,10.9902,28.057
871,28.057,26.0381,10.9902,28.057
872,28.057,26.0381,10.9902,28.057
873,28.057,26.0381,10.9902,28.057
874,28.057,26.0381,10.9902,28.057
875,28.057,26.0381,10.9902,28.057
876,28.057,26.0381,10.9902,28.057
877,28.057,26.0381,10.9902,28.057
878,28.057,26.0381,10.9902,28.057
879,28.057,26.0381,10.9902,28.057
880,28.057,26.0381,10.9902,28.057
881,28.057,26.0381,10.9902,28.057
882,28.057,26.0381,10.9902,28.057
883,28.057,26.0381,10.9902,28.057
884,28.057,26.0381,10.9902,28.057
885,28.057,26.0381,10.9902,28.057
886,28.057,26.0381,10.9902,28.057
887,28.057,26.0381,10.9902,28.057
888,28.057,26.0381,10.9902,28.057
889,28.057,26.0381,10.9902,28.057
890,28.057,26.0381,10.9902,28.057
891,28.057,26.0381,10.9902,28.057
892,28.057,26.0381,10.9902,28.057
893,28.057,26.0381,10.9902,28.057
894,28.057,26.0381,10.9902,28.057
895,28.057,26.0381,10.9902,28.057
896,28.057,26.0381,10.9902,28.057
897,28.057,26.0381,10.9902,28.057
898,28.057,26.0381,10.9902,28.057
899,28.057,26.0381,10.9902,28.057
900,28.057,26.0381,10.9902,28.057
901,28.057,26.0381,10.9902,28.057
902,28.057,26.0381,10.9902,28.057
903,28.057,26.0381,10.9902,28.057
904,28.057,26.0381,10.9902,28.057
905,28.057,26.0381,10.9902,28.057
906,28.057,26.0381,10.9902,28.057
907,28.057,26.0381,10.9902,28.057
908,28.057,26.0381,10.9902,28.057
909,28.057,26.0381,10.9902,28.057
910,28.057,26.0381,10.9902,28.057
911,28.057,26.0381,10.9902,28.057
912,28.057,26.0381,10.9902,28.057
913,28.057,26.0381,10.9902,28.057
914,28.057,26.0381,10.9902,28.057
915,28.057,26.0381,10.9902,28.057
916,28.057,26.0381,10.9902,28.057
917,28.057,26.0381,10.9902,28.057
918,28.057,26.0381,10.9902,28.057
919,28.057,26.0381,10.9902,28.057
920,28.057,26.0381,10.9902,28.057
921,28.057,26.0381,10.9902,28.057
922,28.057,26.0381,10.9902,28.057
923,28.057,26.0381,10.9902,28.057
924,28.057,26.0381,10.9902,28.057
925,28.057,26.0381,10.9902,28.057
926,28.057,26.0381,10.9902,28.057
927,28.057,26.0381,10.9902,28.057
928,28.057,26.0381,10.9902,28.057
929,28.057,26.0381,10.9902,28.057
930,28.057,26.0381,10.9902,28.057
931,28.057,26.0381,10.9902,28.057
932,28.057,26.0381,10.9902,28.057
933,28.057,26.0381,10.9902,28.057
934,28.057,26.0381,10.9902,28.057
935,28.057,26.0381,10.9902,28.057
936,28.057,26.0381,10.9902,28.057
937,28.057,26.0381,10.9902,28.057
938,28.057,26.0381,10.9902,28.057
939,28.057,26.0381,10.9902,28.057
940,28.057,26.0381,10.9902,28.057
941,28.057,26.0381,10.9902,28.057
942,28.057,26.0381,10.9902,28.057
943,28.057,26.0381,10.9902,28.057
944,28.057,26.0381,10.9902,28.057
945,28.057,26.0381,10.9902,28.057
946,28.057,26.0381,10.9902,28.057
947,28.057,26.0381,10.9902,28.057
948,28.057,26.0381,10.9902,28.057
949,28.057,26.0381,10.9902,28.057
950,28.057,26.0381,10.9902,28.057
951,28.057,26.0381,10.9902,28.057
952,28.057,26.0381,10.9902,28.057
953,28.057,26.0381,10.9902,28.057
954,28.057,26.0381,10.9902,28.057
955,28.057,26.0381,10.9902,28.057
956,28.057,26.0381,10.9902,28.057
957,28.057,26.0381,10.9902,28.057
958,28.057,26.0381,10.9902,28.057
959,28.057,26.0381,10.9902,28.057
960,28.057,26.0381,10.9902,28.057
961,28.057,26.0381,10.9902,28.057
962,28.057,26.0381,10.9902,28.057
963,28.057,26.0381,10.9902,28.057
964,28.057,26.0381,10.9902,28.057
965,28.057,26.0381,10.9902,28.057
966,28.057,26.0381,10.9902,28.057
967,28.057,26.0381,10.9902,28.057
968,28.057,26.0381,10.9902,28.057
969,28.057,26.0381,10.9902,28.057
970,28.057,26.0381,10.9902,28.057
971,28.057,26.0381,10.9902,28.057
972,28.057,26.0381,10.9902,28.057
973,28.057,26.0381,10.9902,28.057
974,28.057,26.0381,10.9902,28.057
975,28.057,26.0381,10.9902,28.057
976,28.057,26.0381,10.9902,28.057
977,28.057,26.0381,10.9902,28.057
978,28.057,26.0381,10.9902,28.057
979,28.057,26.0381,10.9902,28.057
980,28.057,26.0381,10.9902,28.057
981,28.057,26.0381,10.9902,28.057
982,28.057,26.0381,10.9902,28.057
983,28.057,26.0381,10.9902,28.057
984,28.057,26.0381,10.9902,28.057
985,28.057,26.0381,10.9902,28.057
986,28.057,26.0381,10.9902,28.057
987,28.057,26.0381,10.9902,28.057
988,28.057,26.0381,10.9902,28.057
989,28.057,26.0381,10.9902,28.057
990,28.057,26.0381,10.9902,28.057
991,28.057,26.0381,10.9902,28.057
992,28.057,26.0381,10.9902,28.057
993,28.057,26.0381,10.9902,28.057
994,28.057,26.0381,10.9902,28.057
995,28.057,26.0381,10.9902,28.057
996,28.057,26.0381,10.9902,28.057
997,28.057,26.0381,10.9902,28.057
998,28.057,26.0381,10.9902,28.057
999,28.057,26.0381,10.9902,28.057
1000,28.057,26.0381,10.9902,28.057
