iter,agent,mass,fitness,x1,x2
0,0,0.01945680606738809,575.8387847936685,1.2873938744234388,-0.742109019907436
0,1,0.014931490179984637,964.8144912282887,1.982030512854994,0.8238514099599588
0,2,0.02478748670750495,117.63756318645181,1.2021943897773224,0.36085131865112396
0,3,0.02177345609917533,376.71001564308574,-1.5345563973110083,0.4305815496997787
0,4,0.025964053141179676,16.505228760957166,-1.1971904650308747,1.7749897938732264
0,5,0.02395228849634011,189.42742764764407,0.24387368012240707,1.4337221684201968
0,6,0.019964348422133665,532.2127372657628,0.7373065036096027,-1.7632031906010666
0,7,0.026132263942278397,2.04658834439872,-0.39701175981828607,0.18843172532436547
0,8,0.013996418565136512,1045.189022200801,-1.176329248907881,-1.8418542681273529
0,9,0.026086765760315024,5.957406486388624,0.3139049639774867,-0.1357003079567789
0,10,0.02587031098007505,24.56288136370273,-1.385662550866478,1.4856473584271646
0,11,0.026059256629843687,8.32196704408957,0.6248685773978959,0.10443200864649649
0,12,0.014706117121688823,984.1865409908183,1.2936869833123947,-1.4634112681492284
0,13,0.02258436662734612,307.0078106702769,-0.30255106744131677,1.8388527220455768
0,14,0.02348010410688697,230.01426424090607,0.09595380284800514,1.5231323771802296
0,15,0.019727295311614643,552.5887515420981,-1.7019569117120368,0.561516690327764
0,16,0.02274586305218876,293.12630769836494,0.8985750066139366,-0.9046261008017713
0,17,0.015311726489586433,932.1310961196401,1.9834015305965114,0.8823836100276568
0,18,0.022459183559051316,317.76798159208283,1.182679810985635,-0.38377964187140967
0,19,0.02446889926276565,145.0219004265585,0.1587005766388332,1.2264939754988422
0,20,0.012321208674722991,1189.1824950904354,1.4470703977012098,-1.3541499968430053
0,21,0.025992253943109805,14.081215249916765,-0.1338641820303268,0.375628540934112
0,22,0.009421082889446902,1438.4642036264324,-1.8526035332359676,-0.3498263789358489
0,23,0.026153337653879487,0.23518731490323624,0.5899314326441201,0.3221287331209606
0,24,0.020725764081571486,466.7648875709766,1.0508330845348701,-1.0562180729913702
0,25,0.0248992994937258,108.02664129926534,0.9988358123091197,-0.04168566817719466
0,26,0.024375094845548798,153.08490428341224,-0.1916307336661025,1.2682454620176986
0,27,0.023189526008500706,254.99104462630342,0.5181345650995031,-1.3276532672085
0,28,0.020302248522590084,503.16837140276886,0.9729455452243472,-1.2965168177966975
0,29,0.02059071302240226,478.3732664006885,0.6215592137928865,-1.8005113011244243
0,30,0.0234996148629939,228.3372078036101,0.6329756718616566,1.9112954870390357
0,31,0.026145220437387973,0.9329065675766666,1.407168099409505,1.8925366327604065
0,32,0.01533058856134701,930.5097976577331,1.898050365776744,0.5534915470041541
0,33,0.024721300413941744,123.32663792412896,0.39221134189932183,1.2626905524673417
0,34,0.016027087924472293,870.641859475329,-0.9860596498657623,-1.9716588982704883
0,35,0.02441573475391608,149.59168138805424,-1.762581956571888,1.9152262185728834
0,36,0.010117945494096846,1378.565042843844,1.4835039268466121,-1.511804504438111
0,37,0.021253587375583735,421.39558214136935,-1.3490718984616237,-0.21931235439797314
0,38,0.002440832307513774,2038.4550039937435,-1.9129532455053795,-0.8461283938263482
0,39,2.6153337653879486e-08,2248.257920458958,1.9995967654691809,-0.7421388294198636
0,40,0.02522086151304994,80.38662306820235,0.6678564793536657,-0.449938167530765
0,41,0.01675371813340167,808.1840099312138,-1.378283504941758,-0.9332267020272949
0,42,0.005276849075524948,1794.6838169108153,-1.936478908893681,-0.4762308187966455
0,43,0.024009404553656695,184.51798943465195,-0.8536724931465782,-0.6169099780636125
0,44,0.025980202567185397,15.117097071283908,0.4720188469000237,0.6080073599772535
0,45,0.005163981593253761,1804.3853957049362,1.6411349583264627,-1.5539979596813227
0,46,0.0257104710505881,38.30199947957,1.0163996974373553,0.41418442587145865
0,47,0.02274329521710275,293.34702719981874,1.349787984179744,0.10954716680134924
0,48,0.02304385339721281,267.5124040835758,-1.5764212735563292,0.8699431805833946
0,49,0.01971639495645049,553.5256968197015,-1.0278757667134295,-1.2874283546817715
555,0,0.022557925673507395,2.179758401725488,0.07280858721851458,0.12019558483570936
555,1,0.020242135708046786,10.119589031021611,-0.22300395308840149,0.3433946928112227
555,2,0.022772748168871097,1.4432260503508332,0.37691635028454096,0.24477877831110406
555,3,0.02311025447690981,0.2860645797018933,0.4855805189101842,0.22114700012317323
555,4,0.02252860880368994,2.280273122146349,-0.4482011930317903,0.24366122220914443
555,5,0.016960707596087293,21.370170396239313,0.20889525924230712,-0.4118221397144164
555,6,0.02225682061396809,3.212115916881516,0.4161809488741399,0.003758323659873608
555,7,0.0199725000611975,11.04405169798813,0.08335307671277581,0.326381767961585
555,8,0.02241629507561076,2.6653477582721457,0.006081173846193166,-0.12948032030367929
555,9,0.022760893495692644,1.483870538238951,-0.16922346935322968,0.0628106980699672
555,10,0.02270676995964652,1.6694364641968957,0.0758743992018851,0.09605799522012548
555,11,0.023106345581215507,0.29946647288878786,0.4649908970509242,0.22771946120707456
555,12,0.014165131742865284,30.954976927481823,0.1638952828547143,0.5769153504804144
555,13,0.023051200298545182,0.488535521005132,0.3261825831975921,0.08781939190935517
555,14,0.021095943806410857,7.192254604307408,0.6986875184951887,0.22167850042432136
555,15,0.022327878109425412,2.9684908527402323,0.07981052310030978,-0.13929229258625342
555,16,0.02263959128437241,1.8997627509207444,0.3066913697778738,-0.025065795379109246
555,17,0.019946291419202088,11.133909665062466,-0.12796520185065308,0.3304070047738442
555,18,0.022777929876517923,1.4254602418362565,0.07347855615966647,-0.06990151638645081
555,19,0.018164162898955737,17.244048676559448,0.1634769520822537,0.43347129180544464
555,20,0.02294902127792182,0.8388626792176455,0.5458952371157997,0.37754100539898816
555,21,0.022006051973207503,4.071891874318947,0.6953403241496967,0.2840219934698896
555,22,0.02263216659200852,1.9252187727202907,-0.12551493434239946,-0.06539000320987948
555,23,0.022561283695671785,2.1682452128645133,0.5706807358528858,0.18482444576405022
555,24,0.022947420572891158,0.8443507964564583,0.35268724617130953,0.18960615889337024
555,25,0.015917989625118818,24.945194127705523,0.10442144270850034,0.5022604614994791
555,26,0.021624962429761457,5.378481191435865,0.2289265473605533,0.2711292633574054
555,27,0.022149670887307255,3.5794854514037056,0.054932833610513876,-0.16088276519486633
555,28,0.022684009752473998,1.7474712569599642,0.5042430239773025,0.13171730941099785
555,29,0.02068218343473796,8.610857897868167,0.6627202989493517,0.14770033356456352
555,30,0.01736582516554523,19.98119949023214,0.3199525646394483,0.5441697678372206
555,31,0.020369724118193298,9.682144192787757,0.19216235014324146,0.33741834082283667
555,32,0.017747473919651084,18.672692884418414,0.1910023718752104,0.4609605948333346
555,33,0.01572287620611628,25.614152678994046,-0.07997463207550184,0.5008431833804916
555,34,0.021377082354079494,6.228353522971085,0.08983085936098589,0.24044741481796078
555,35,0.020638632901078487,8.760173624349838,0.3724473833388269,0.4279635112023845
555,36,0.02301350825957512,0.6177650322987549,0.5251800724050121,0.21317936819822458
555,37,0.019787773881642,11.677396949648665,0.2604655625593356,0.40146613584885726
555,38,0.02294756381969736,0.8438596658287248,0.08383719745441776,0.013740892196573928
555,39,0.022064416811156458,3.8717843797133873,0.0588578060218794,0.1762657387314226
555,40,0.022349045107268713,2.8959184777351172,0.5153893933914138,0.42875412258616347
555,41,0.019477362847998805,12.741660578626561,-0.17845085607874944,0.368785565730381
555,42,0.0060251580084165444,58.863385609780906,0.07253437022398199,0.7668595089910692
555,43,0.021113037535859046,7.133647684566899,0.26366389793370226,-0.18721967542560092
555,44,0.01989467275958161,11.310887465644802,-0.09336021477650225,0.32676409631174874
555,45,0.016873094128872265,21.670558644270397,0.3010442913275557,0.5508669461675755
555,46,0.021159185954582955,6.97542494677868,0.4965985792121404,0.5058785803577824
555,47,2.311025447690981e-08,79.52101640319327,1.0967381476102624,0.3111414662446804
555,48,0.009995307462214147,45.2514800802241,0.31000138453284615,0.7652449534387378
555,49,0.020363340756377885,9.70402994772056,-0.17794249915321714,0.3200466361231099
1111,0,0.024108261400763813,0.8677794070717282,0.17801290424899385,0.07551970420548092
1111,1,0.016511934961457222,3.807721752020922,0.22032447472932937,-0.13033775159764638
1111,2,0.024302669755214504,0.7925391764118079,0.11331309475962165,0.020793163980939902
1111,3,0.018676983262080483,2.9698013139356347,0.14514351125511973,-0.12856697025247238
1111,4,0.02133714642345122,1.940260734673531,0.2055914376197224,-0.07215137991001375
1111,5,0.00836922725823315,6.959125443071046,0.4078336297795272,-0.09074106801386672
1111,6,0.02274097141219572,1.3969501539233296,-0.040833092603500376,-0.05433414310596715
1111,7,0.00382753083993284,8.716860017111284,0.11126211171956253,0.29392863120358403
1111,8,0.01985068721133409,2.515552544031565,0.20725878817842086,0.18032847013116812
1111,9,0.021444057851020406,1.898883703870429,0.10452109112132761,-0.09381316789764271
1111,10,0.018783388856290925,2.928620051563858,0.04474378075885532,0.14399163959331857
1111,11,0.01980417933823056,2.5335520950781207,0.17452459798220765,0.1665522758386554
1111,12,0.024911930077640473,0.5567422770409298,0.4051902044079264,0.20922836190950336
1111,13,0.02285783666981533,1.3517207759767103,0.0949011547185589,0.0819799817254154
1111,14,0.024732291728664698,0.6262661966816008,0.3207522964872294,0.06227553942916253
1111,15,0.023800846001176185,0.9867558041444734,0.14186908058526065,-0.02990986343427765
1111,16,0.017643576861615,3.3697519032822583,0.24003154429339005,-0.1094836264293953
1111,17,0.024189290812534625,0.836419275203423,0.15115862120896062,0.05689119497348799
1111,18,0.022252952510762945,1.5858240056358905,0.3013296729211159,-0.013970833375168773
1111,19,0.02214169000617158,1.6288849971910568,0.042174121313471175,-0.08256911070014439
1111,20,2.5023791250516667e-08,10.19819709271288,0.26112638139089617,0.3788678984197257
1111,21,0.01922512402578509,2.7576590034275767,0.23400121542340613,-0.09258333974063478
1111,22,0.0208914912782442,2.11273889804722,0.22362747390362392,-0.07287218352116795
1111,23,0.021006038055535525,2.0684068220461564,0.12447023343691976,0.12959167554877338
1111,24,0.02362839345316687,1.0534986636618775,0.018832110626380294,0.030489053399536253
1111,25,0.025023791250516667,0.5134495879336397,0.302580726706803,0.07510640468456631
1111,26,0.024932666076228956,0.5487169978744585,0.2744475420434356,0.09025149975948066
1111,27,0.02246077354012552,1.5053927801908527,-0.22589322961779024,0.056105713148529926
1111,28,0.016982667840057745,3.625537964368447,0.04449640223551557,0.1666781641384322
1111,29,0.024444470287690864,0.7376593087159631,0.15715326162447865,0.04121038000774238
1111,30,0.024619079506287663,0.6700817711163438,0.18236129015437286,0.0293202732282678
1111,31,0.023952301562906512,0.9281392316647776,0.1894074112752414,-0.016190069206625746
1111,32,0.02131590998019445,1.948479696731773,0.1973562781100972,0.1531529484627826
1111,33,0.024645261925137944,0.6599486097144274,0.2889540823701946,0.12278343125648089
1111,34,0.010417078723438663,6.166562710699383,0.09771334083090197,-0.22180554465323757
1111,35,0.02096579034580777,2.0839835547025616,0.28410659012678785,-0.044642138021183594
1111,36,0.022829928027432125,1.3625220231569097,0.38408324592976095,0.04836508237312798
1111,37,0.017737542591513274,3.333385136989468,0.09838823057591556,-0.14907999525709711
1111,38,0.021576844219230472,1.8474925123712356,0.23131717277533015,0.16560666311866584
1111,39,0.02448472949323436,0.7220781269306598,0.1722902990053195,0.04891277387921142
1111,40,0.02032813309095895,2.330770680041692,0.2969070065373766,0.2236687483963664
1111,41,0.02346122815209585,1.118195244456755,0.1344597454431044,0.07882769984432511
1111,42,0.018078643714300503,3.2013716377271306,0.18062116903239664,-0.12643541518395007
1111,43,0.02401509800114317,0.9038356542238909,0.07581346989199494,-0.016549158767885985
1111,44,0.022381435492843736,1.5360983174835066,0.14312493698968695,0.11003157577750008
1111,45,0.0207310481459006,2.1748338544056662,0.2937191530028054,-0.04318952492282835
1111,46,0.008380610219375877,6.954719991338317,0.18280809268056136,0.28415605920255216
1111,47,0.020085440746965038,2.4246978571586095,0.040470813532121036,-0.12099985611593583
1111,48,0.02335974142531527,1.1574727989294875,-0.025102544581129982,0.03328554648829586
1111,49,0.005751260566189629,7.972335077635918,0.19326270695221587,0.30793336355787493
1666,0,0.02125305712465971,0.6566806594294061,0.7497086337356409,0.6391366945132075
1666,1,0.01989859440078043,0.8900041573345081,0.701615136920028,0.5817607629193684
1666,2,0.022658973697084767,0.4144935791519541,0.8397764877122935,0.642868955719102
1666,3,0.02291877142169389,0.3697401040028003,0.8207598061178277,0.6155421795715302
1666,4,0.006280756384744561,3.2358506275174435,0.6956136528462765,0.6611690638556136
1666,5,0.02385476188693888,0.20850379568173788,0.7235462615918251,0.5598616095068972
1666,6,0.021038444822675466,0.6936503686060557,0.737821744686498,0.6234323615205276
1666,7,0.02434777476010085,0.12357603351421337,0.7703695211500984,0.5668523103624501
1666,8,0.014967150300577759,1.7395083680427246,0.738419929362481,0.6745344154056787
1666,9,0.016901334632387105,1.406320421313212,0.67987975603981,0.5764224472533461
1666,10,0.01692526364240299,1.4021983438134917,0.755994230083583,0.6874004621216976
1666,11,0.014887094972980049,1.7532989203641203,0.6995756052399023,0.6183650947277213
1666,12,0.019233935186232145,1.0045001933783073,0.6899342346922366,0.5713171395086069
1666,13,0.018141036533399466,1.192765940407771,0.8268437901569253,0.5758382431931052
1666,14,0.01580743797005086,1.5947580882222046,0.8220006888303564,0.550662161210476
1666,15,0.02172515247550255,0.575356207555301,0.7872024598212128,0.5468815719052879
1666,16,0.02248011965452545,0.44530347158287104,0.7564280133325513,0.6343103189117256
1666,17,0.024645478154800997,0.07229282271405216,0.8001737868764022,0.6582676159524092
1666,18,2.4777566661891277e-08,4.317791107194328,0.6625309402030671,0.643981530222416
1666,19,0.02391225117672701,0.19860053149516071,0.7602334775593779,0.6155198903170578
1666,20,0.013794405424112853,1.9415286465656998,0.6965491237157154,0.6211750276701288
1666,21,0.02477756666189128,0.04953889086785246,0.7931121812679616,0.6208194225092867
1666,22,0.024417778970465126,0.11151691446847445,0.8333948831952009,0.6656057719433499
1666,23,0.023540437763982666,0.2626501391366894,0.7534622248183691,0.6126351878542561
1666,24,0.024678512774218425,0.06660218773492035,0.7449583793262031,0.5589075521248986
1666,25,0.024686030162449954,0.06530722163037664,0.7509805228947405,0.5697132801027815
1666,26,0.024037932512369572,0.17695031673729647,0.7493796568811502,0.5277852937325783
1666,27,0.023905219404450992,0.19981184405104552,0.7544099486684118,0.5317850238365788
1666,28,0.023690575402820813,0.2367870138964473,0.7488344487985539,0.6024307091602529
1666,29,0.02276533263166351,0.3961718946848483,0.7367962867356217,0.6000435615452512
1666,30,0.009649408481469888,2.655557293063623,0.662369555174747,0.5981562294981191
1666,31,0.020219537468491026,0.8347176161352357,0.7719961281183583,0.507505887768089
1666,32,0.01369517709719486,1.958621992819975,0.7241722777362539,0.6616312114996857
1666,33,0.02464513802403348,0.0723514145815316,0.7759538021728478,0.616988763399277
1666,34,0.02441292041359893,0.11235386292250374,0.7766083312576444,0.5781304971257603
1666,35,0.019752806784680086,0.9151179356172763,0.8012378787263863,0.5484080203692088
1666,36,0.018601369987409546,1.1134676254384603,0.8107574068757046,0.5535174159603724
1666,37,0.01904040086938763,1.0378389504919074,0.7112140782242776,0.6035209942290566
1666,38,0.022879904915101192,0.3764353560091357,0.771052769297569,0.6514449978546846
1666,39,0.016616450511261427,1.4553953485642832,0.8079095731367806,0.5336172227645097
1666,40,0.02464693203047395,0.07204237406636957,0.7604228361208124,0.5661411722068306
1666,41,0.02475627696286227,0.05320631335148382,0.8143753039423456,0.6495141500343782
1666,42,0.022786364842707005,0.39254882779431677,0.7338127012417307,0.5951990802721975
1666,43,0.01682998562584576,1.4186111986707473,0.8171968847814411,0.5501164742204195
1666,44,0.020495386274499698,0.7871991372755501,0.719652691865562,0.6020786476527135
1666,45,0.019452859726118717,0.9667876461645287,0.7499922953314064,0.6575822805944987
1666,46,0.01227761608183659,2.202814977068377,0.6721188951737389,0.5964956299001654
1666,47,0.021473838799932456,0.6186481969335407,0.7473646072316474,0.6330403351339612
1666,48,0.02300178765727692,0.35543949747619824,0.7641737887635814,0.5292052560020999
1666,49,0.02259463176156175,0.4255772990606257,0.7956532873955432,0.5711109681829154
2222,0,0.022770991920117865,0.015477271763913378,0.9321565906055704,0.879344017370893
2222,1,0.02363429762527723,0.005029989827149344,0.9447699844598645,0.8970396327080469
2222,2,0.01639613335282683,0.0926225337046889,0.9561708326075181,0.8841459651302295
2222,3,0.02381733483158021,0.0028149676307978513,0.9483073761058025,0.9004820375818365
2222,4,0.023162364598879985,0.010741080756557945,0.9421342132758628,0.8962149171619745
2222,5,0.02264129888324618,0.017046750238729595,0.9518356939888852,0.8938557238504288
2222,6,0.013787639805197937,0.1241891819492737,0.9654943726871666,0.8971082354868237
2222,7,0.02376405867372649,0.0034596883111768454,0.9426231676752796,0.8872438806250131
2222,8,0.021180604302781937,0.034723325308734745,0.9336344583176323,0.889085636519928
2222,9,0.023609164859743435,0.005334133638331122,0.9416046673337303,0.8910058273585
2222,10,0.023828950221114278,0.0026744041565354942,0.9508862213458948,0.9058039913315112
2222,11,0.020243424921739927,0.046064588502704305,0.946524144167064,0.9166937490400665
2222,12,0.015758153366976762,0.10034303959542433,0.926623843704769,0.8894471625795021
2222,13,0.021147419468415588,0.035124911118463664,0.933548797508902,0.8890373833534517
2222,14,0.022801701158467032,0.015105644344819986,0.9508504408959977,0.8928515863916883
2222,15,0.023481407092143948,0.006880192479071714,0.9499054199716839,0.9089314531846671
2222,16,0.017090934904522983,0.08421440242825902,0.9590300437713044,0.8910095689865609
2222,17,0.023710693718087785,0.004105483576710863,0.9483111153809628,0.9030804511648958
2222,18,0.02359901806261951,0.005456924962047957,0.9444859731679921,0.8871802354933291
2222,19,0.019519030754554245,0.05483083440228302,0.954620435019904,0.8883281203075382
2222,20,0.02379240323689955,0.0031166769757093975,0.9500151338179574,0.9000424115291875
2222,21,0.021484504297080882,0.031045683771040958,0.9524950802037154,0.8902795661907585
2222,22,0.022965750846269006,0.013120399338488185,0.9377402321732403,0.8889713780520921
2222,23,0.02192201109044285,0.02575120142001992,0.9329272435109925,0.8849314606286985
2222,24,0.01575699621986758,0.10035704279500901,0.9289508053982821,0.8938217634553818
2222,25,0.023804156206952653,0.002974448572716917,0.9454653284338824,0.8938400212136037
2222,26,0.022432562705387998,0.019572768180525058,0.9434511173079978,0.8773035299652081
2222,27,0.018371137066271154,0.06872205384315494,0.9525124852768285,0.8814988418917327
2222,28,0.014495303575024886,0.11562539871972739,0.9358535853868627,0.9092151416046973
2222,29,0.010333423282991345,0.16599033496199378,0.9596639405364649,0.8804131302505319
2222,30,0.016578409872303548,0.09041671694934406,0.935671626562358,0.904854607988176
2222,31,0.003020089668431015,0.25449253958349716,0.9170157509718133,0.8906779271200861
2222,32,0.018922413924251816,0.06205078464370691,0.9300669937676959,0.8889328038111233
2222,33,2.3828950221114277e-08,0.29104011253690726,0.9256518293659133,0.9102646753816941
2222,34,0.022704193273223726,0.016285634656602276,0.9343021346393274,0.883860965592315
2222,35,0.01696358398181275,0.08575553784125298,0.9543670378095644,0.8818901277441741
2222,36,0.021094577604741045,0.03576437619389728,0.9535349056446861,0.8908970484465072
2222,37,0.023562317045865894,0.005901061803840481,0.9538361271670909,0.9036633585893531
2222,38,0.019586452763942296,0.054014927897078055,0.9410449550270285,0.8630846753350155
2222,39,0.023066382797152143,0.011902603189986349,0.9487660112702141,0.890524871888529
2222,40,0.01815902349214508,0.07128894329872817,0.9335533697255057,0.8973818609904607
2222,41,0.02125890471077762,0.03377577401467305,0.9352680903591697,0.8919268525500533
2222,42,0.023733666963868267,0.0038274731636706934,0.9381383867794909,0.8801819892056812
2222,43,0.023457002685695755,0.0071755220629490715,0.9374665495309226,0.8731294352044527
2222,44,0.017196722565147385,0.08293421453031173,0.9364270110971832,0.904983389609163
2222,45,0.022267984891659143,0.021564404295386835,0.9414442898437018,0.8997842113536313
2222,46,0.02272413312678156,0.016044332797189642,0.9423642555653252,0.8767710046517235
2222,47,0.019697550727059355,0.05267047744766295,0.9442391902618142,0.8693253013925607
2222,48,0.022532724903147613,0.01836065674288843,0.9359632632686237,0.8879687347384165
2222,49,0.02217097012383582,0.02273842715359651,0.9491765078129065,0.8867390715478888
2777,0,0.01828927857506007,0.0031477484303746323,0.9977636172489296,1.0011382567962515
2777,1,0.02156057807933674,0.001514725892597764,0.9970770698702788,0.9980436398082094
2777,2,0.02393395338105265,0.000329944323915921,0.9978977024381568,0.9976040547519098
2777,3,0.021765354164941048,0.001412502307581357,1.0021988384776097,1.0006506224326133
2777,4,0.023612754415629548,0.0004902858484265338,0.996685116675868,0.995570507981316
2777,5,0.024566180465977965,1.433852954390751e-05,0.9981100364652127,0.9965517693717281
2777,6,0.02165636438948243,0.0014669096644982253,0.9990540837611845,0.9942802048694348
2777,7,0.018211571200381894,0.003186539710119896,1.001808705780928,0.9979786369900616
2777,8,0.007688376795243584,0.008439685626760158,1.0034761790094884,0.9977842447793679
2777,9,0.022273109512639427,0.0011590324172872479,0.9993463528757358,0.9952893040404076
2777,10,0.02306305178361027,0.0007646956925845467,0.9982222059941604,0.9992071651566257
2777,11,0.02389588545760939,0.000348947712895723,0.9986721103801732,0.9954826955011965
2777,12,0.02374757786463774,0.0004229824020244691,0.9998070392341654,0.9975575526271344
2777,13,0.01890928856806972,0.002838241370287968,0.9972393987383901,0.9998067759507842
2777,14,0.024322823188792198,0.0001358217253982845,0.9982486030769661,0.9953480828741909
2777,15,0.003201781552801676,0.010679380017081703,0.9933334279290209,0.997023882051263
2777,16,0.022316318015353786,0.0011374628671241087,0.99688893652601,0.9971458015370872
2777,17,0.0207069189999695,0.0019408698498728709,0.9998346128863131,0.9952637537248025
2777,18,0.02403015145263918,0.00028192254578582223,0.9984578266979263,0.9985899893711196
2777,19,0.022288768321671235,0.0011512155885223308,0.9968131249029821,0.9970143630769156
2777,20,2.4574275569386364e-08,0.012277699409704686,0.9942325879486356,0.9995638970714164
2777,21,0.024202409754513477,0.0001959317372670224,0.9996922503872245,0.997985177650162
2777,22,0.019999232312303064,0.002294144843230439,0.9969607712336505,0.9987108504365685
2777,23,0.024574275569386364,1.0297479100720776e-05,0.9976852246693322,0.995598052754474
2777,24,0.02423834448592512,0.0001779932311145106,0.9995442599868345,1.000422090084559
2777,25,0.02267374996846087,0.0009590339478575018,0.9997297841107017,0.9963629318050503
2777,26,0.022123377582211907,0.001233778131243831,1.001148845099415,0.9987883715176676
2777,27,0.01635932038609887,0.004111177555534346,0.9948963215077279,0.9962101927371866
2777,28,0.01982690673791262,0.00238016923398006,1.0008443409656322,0.9968114277229986
2777,29,0.02285349951547144,0.0008693035330667769,0.9967730563927385,0.9964872090927638
2777,30,0.014251950876881343,0.005163169859961675,0.9953273393477001,0.9978468235357563
2777,31,0.022850562194712338,0.0008707698344537391,1.0001395150950647,0.9973282016917304
2777,32,0.013005229913158051,0.0057855290873627145,0.9950241135843989,0.9976629600279043
2777,33,0.01608386344365997,0.004248684804443152,0.9956324402253135,0.9977875006210466
2777,34,0.023808271319475466,0.0003926844181449817,0.9982799745888373,0.9985370554071038
2777,35,0.024111274000964012,0.00024142642197839972,0.99759106938518,0.9936529385402907
2777,36,0.017530648646320517,0.0035264541312265882,0.9990480491312732,1.0040346369311213
2777,37,0.024012422190474312,0.00029077293831500844,0.9984935524941525,0.9986879136101708
2777,38,0.023791942267086585,0.0004008358303090831,0.9993553351202946,0.9967100355154335
2777,39,0.024429971934903632,8.233340460535492e-05,0.9983934826280235,0.9976825887429014
2777,40,0.02435322110851512,0.00012064717841957917,0.9982109544629916,0.9975088369487158
2777,41,0.02328848693597259,0.0006521591656986548,0.9976162709440561,0.9977808152532187
2777,42,0.014108802503493913,0.005234629082720753,0.9957281037771416,0.9986969077489863
2777,43,0.02005438168128451,0.0022666144497665744,1.000203361228382,0.9956459097988523
2777,44,0.012177650734109967,0.006198654039515093,0.9984209779223571,1.0047160187122608
2777,45,0.022264864275424918,0.001163148414059478,0.9966563871500494,0.9967180204387517
2777,46,0.008707179263443868,0.007931102603426854,0.994487044191176,0.9978930748345906
2777,47,0.024465792120050407,6.445207959199017e-05,0.9989555329005815,0.9987081539995534
2777,48,0.017621839260592635,0.003480932060213096,0.9959825396289775,0.9978674676880305
2777,49,0.022190418258016747,0.0012003116343993893,0.9967200112079339,0.9968997708958863
3333,0,0.025006258006414442,7.746685712350433e-06,0.9972167471699195,0.9944426170490719
3333,1,0.023894576417756816,0.00010362720178194139,0.9974023614402641,0.9957957443271569
3333,2,0.02417973613717494,7.903269438069496e-05,0.9979327483540242,0.9950051364131132
3333,3,0.021107400151853643,0.0003440160878427456,0.9977245835459245,0.9972951014339682
3333,4,0.00584504021187515,0.001660366886862476,0.9996228432484702,0.9951712433178241
3333,5,0.023223038202099255,0.0001615461520772753,0.9972674483831685,0.9957836504922992
3333,6,0.02501276502085157,7.185467546402687e-06,0.9981936493606041,0.9965886162858396
3333,7,0.022746781778030137,0.0002026224028554723,0.9975959714858713,0.9966007299861112
3333,8,0.02223547735658031,0.00024672147969317617,0.9967153892268872,0.9949775775766251
3333,9,0.02489635255175932,1.722583137664178e-05,0.9974219446467073,0.9951757965115545
3333,10,0.02452864129457276,4.894025883803229e-05,0.998421349689972,0.9961636629257333
3333,11,0.018290983489758425,0.0005869269049183089,0.9981844500005607,0.9939563512711134
3333,12,0.019055554954907038,0.0005209840059817057,0.998596695546913,0.994917170851063
3333,13,0.01613922568227147,0.0007725121040828879,0.9966910745124444,0.9961527413161723
3333,14,0.02189368576244056,0.0002762003833367449,0.9970402251646198,0.9957245702395153
3333,15,0.02455231749355601,4.68982297172462e-05,0.9981245190160797,0.9969111964922666
3333,16,0.024613512360442135,4.162028369590657e-05,0.9975297574945947,0.9944696457317019
3333,17,0.020049109494528736,0.0004352917331455204,0.9980853762948794,0.9940968574258164
3333,18,0.012788068618037048,0.0010615433087257924,0.9960951413405044,0.9954401795592722
3333,19,0.022077005658047693,0.00026038937560218323,0.9973856451302888,0.9963704646618619
3333,20,0.023842839118688366,0.00010808944977214142,0.9978495813349357,0.9946866087689225
3333,21,0.010201760375501953,0.0012846076929338079,0.9988797578212693,0.9941783792742422
3333,22,0.024736005032487896,3.1055513414271776e-05,0.9981573856163547,0.9968440969278144
3333,23,0.0247455023804638,3.023638441680297e-05,0.9969420109026812,0.9943503751496955
3333,24,0.009058715807401483,0.0013831932089648457,0.9959088679069176,0.9955310335324589
3333,25,0.024848982889085592,2.1311378667825635e-05,0.9978314664710782,0.9960751749380565
3333,26,0.022176154611008313,0.0002518379586545452,0.9972212106688162,0.9960125651290624
3333,27,0.021032591023547157,0.0003504682391619046,0.9984528233060818,0.9950423649313757
3333,28,0.02052395031879922,0.0003943375752765036,0.998876979049645,0.9957726038330023
3333,29,0.021903937756466343,0.0002753161674893623,0.9986592503062341,0.9956664585753634
3333,30,0.02328367035625165,0.00015631673900625217,0.9983347497058205,0.9954331450333794
3333,31,0.006756166714163217,0.0015817838823984469,0.9956938592185937,0.9953600455917835
3333,32,2.5037124523374853e-08,0.002164490979300513,0.9954988014731214,0.9956484470574186
3333,33,0.0242325144742864,7.448065875181328e-05,0.998204602223766,0.9955682880688252
3333,34,0.024987651040428875,9.351502702563845e-06,0.9973698935685186,0.9949027187905158
3333,35,0.010184925613105186,0.0012860596605862183,0.9992684820453416,0.9949520779758336
3333,36,0.024889277733836424,1.7836021561013097e-05,0.9976026035574552,0.9955586399975912
3333,37,0.024435083970691666,5.70094079427149e-05,0.9978617173647236,0.9964521420199959
3333,38,0.008605476857692211,0.0014222842444235142,0.9984408488830613,0.9931160346480876
3333,39,0.013943120091378871,0.0009619222189453238,0.9963457698545769,0.9957847775546004
3333,40,0.024892038441068562,1.759791558099604e-05,0.9974723078969838,0.9952857988117996
3333,41,0.02341302377449774,0.00014516024183715084,0.9986547194182339,0.9961139580835106
3333,42,0.021907234270051278,0.0002750318491854713,0.9973101651321922,0.9962640147956232
3333,43,0.01356346352119616,0.0009946669079369664,0.9990230314062051,0.9948946968009301
3333,44,0.014554533734099666,0.0009091889037639093,0.999099395116976,0.9951856706427356
3333,45,0.025037124523374855,5.0845047374826655e-06,0.9977467647833621,0.9954899835295052
3333,46,0.024692211105892224,3.483265996913863e-05,0.9977462333295475,0.9949520812228314
3333,47,0.018705933835264445,0.0005511381919664157,0.9990836357532095,0.9958222670991951
3333,48,0.021972571168823986,0.0002693966604438114,0.9983725312087067,0.9951144688800669
3333,49,0.024737983780364358,3.088485000713943e-05,0.9976111929795425,0.9947263110209663
3888,0,0.019825385281407062,1.9031871730124424e-05,1.0000931521507561,0.9997501571075355
3888,1,0.02119312212110635,8.922098484144055e-06,0.9997353518824837,0.9997682979178775
3888,2,0.019744854714696346,1.9627122033534103e-05,0.9997277838686327,0.99989782981262
3888,3,0.019053409873510178,2.473801058577341e-05,0.9996816712110255,0.9998597972318144
3888,4,0.021502517708425865,6.635167884398785e-06,1.0000673627892396,0.9998772300164376
3888,5,0.017055569003164153,3.9505265217293774e-05,1.0001688239179032,0.9997093709680779
3888,6,0.016244489147340075,4.550044878533065e-05,0.9996711828394472,1.0000162120875344
3888,7,0.022096010236147195,2.248304341434228e-06,0.9998720960755129,0.999893605462468
3888,8,0.02237675747411837,1.7313108226552587e-07,0.9999393268581422,0.9998374931105509
3888,9,0.022329173642402805,5.248520675136892e-07,0.9998465412288007,0.9997639087241674
3888,10,0.021480461074208018,6.7982018570458845e-06,1.0001076615293654,0.9999548234052155
3888,11,0.021417175701456796,7.265982463469308e-06,1.0000245052875245,0.9997794674508241
3888,12,0.02234883732580944,3.7950584691652253e-07,0.9998892171310304,0.9997178467821942
3888,13,0.019765280794725466,1.9476140476698915e-05,0.9999097588567654,0.9993783003249505
3888,14,0.021736696473406827,4.904210477781173e-06,1.000033766170501,0.9998461047042659
3888,15,0.020515401691048894,1.3931541582536829e-05,1.0000958741290977,0.9998186307995096
3888,16,0.021330996056390612,7.902988534191046e-06,0.9999615692798715,0.999642043761093
3888,17,0.022328507532895447,5.297756872341747e-07,0.9999203690640883,0.9999130932495758
3888,18,2.238789908905637e-08,0.00016557332904240126,1.0005480080363938,0.9998107308527178
3888,19,0.021763416044785325,4.706709906014875e-06,0.9998287355376361,0.9998737728828444
3888,20,0.022222166916730835,1.3158037337540337e-06,0.9998726439142896,0.999859303353465
3888,21,0.013683146394811066,6.443288789327822e-05,1.0002257181900431,0.9996491037597137
3888,22,0.021965087389864236,3.21603457302619e-06,1.0000239311777877,0.9998685458384118
3888,23,0.022377129298686838,1.7038270116954124e-07,0.9998703419748713,0.9997015125614864
3888,24,0.021419711769009975,7.24723684870266e-06,0.9999758772913405,1.000220951281639
3888,25,0.02228862208175364,8.245932684773367e-07,0.9997725096669279,0.9996329824852433
3888,26,0.01693937044519225,4.036415929582433e-05,1.0001932116225771,0.9997514264936133
3888,27,0.02232138416981208,5.824287879121334e-07,0.9999625010239178,0.9998487786145728
3888,28,0.0061241639082737186,0.00012030591601616697,1.000488318239077,0.9998811219437501
3888,29,0.017396914634124457,3.698217245021332e-05,1.0001703086150013,0.9997327550652781
3888,30,0.019660340781746236,2.025181581486082e-05,1.0001501427533395,0.9998505384088372
3888,31,0.022285083876291557,8.507462928611831e-07,0.9999271913539243,0.9997624399152251
3888,32,0.018779893128520894,2.675973888215259e-05,1.0001850589610524,0.9998531851287454
3888,33,0.019810897508161264,1.9138959656765585e-05,1.0001448667151516,0.9998525133699719
3888,34,0.013435954165673256,6.626003571310381e-05,1.0001105495623446,0.9994071837415752
3888,35,0.020518984362880306,1.3905059880224658e-05,0.9998174193631666,1.000007319698493
3888,36,0.021791074361337145,4.502270498821677e-06,0.999821494562377,0.9998544543426897
3888,37,0.022197364424912845,1.4991340067547043e-06,0.9999718748733121,0.999821343716595
3888,38,0.019524772071384425,2.1253886448060434e-05,0.999707093560147,0.9998743608654767
3888,39,0.02217264900785939,1.6818206573133306e-06,0.9999166948157966,0.9999628137612251
3888,40,0.021329989777484404,7.910426552433036e-06,0.9997470279721117,0.9997742347674092
3888,41,0.022297531369089112,7.587393175340006e-07,0.9998860815175972,0.9998585335193472
3888,42,0.020720237739775105,1.2417474003805926e-05,0.9997969376877179,0.9999457154116287
3888,43,0.021499335100207042,6.658692473697802e-06,1.0001071820932603,0.9999565539440067
3888,44,0.02234741268370535,3.9003624151508093e-07,0.9998752622738789,0.9998117346120112
3888,45,0.021902963325327873,3.6752312454791578e-06,0.9998672648331574,0.9999257961443074
3888,46,0.02236841224315722,2.3481575014441925e-07,0.9999330741535566,0.9998181593823413
3888,47,0.02238789908905637,9.077664291156667e-08,0.9998141294578947,0.9996520060730549
3888,48,0.022073408301872183,2.415368957819908e-06,0.999890918143933,0.999936879477317
3888,49,0.022050015388354386,2.58828018194088e-06,1.0000016669397387,0.9998424526402403
4444,0,0.021841390131983118,3.08504786557905e-07,0.9999855327558629,0.9999155413583196
4444,1,0.01691846492879717,1.6275979459170577e-06,1.0000122570925967,0.9998969428766468
4444,2,0.022873796803016096,3.187239398061783e-08,0.9999504632263438,0.9998837770839254
4444,3,0.02115993126411127,4.91101046686465e-07,1.0000016284122937,0.9999331784143746
4444,4,0.01427952951370082,2.334698198383096e-06,1.0000274966886158,0.999902221683869
4444,5,0.022874934148758477,3.156764326296898e-08,0.9999561420295833,0.9999295034510542
4444,6,0.02222988783538566,2.0440719379874857e-07,0.9999775945153363,0.9999100336705943
4444,7,0.018339141447987498,1.2469290141783956e-06,0.9999171683245774,0.9999457018475011
4444,8,0.019865687058264386,8.378925594577715e-07,0.9999810970894818,0.9998706775848795
4444,9,0.022973601577819674,5.129798820004113e-09,0.9999430919909138,0.9998818383385136
4444,10,0.012343522351478653,2.8534494892832443e-06,1.0000120544404307,0.9998551917629991
4444,11,0.02131034134999184,4.507988062105618e-07,0.9999855674736928,0.9999040091168911
4444,12,0.02297130432759733,5.745344847734277e-09,0.9999747433483402,0.9999566339746249
4444,13,0.02278798961584771,5.486434875263273e-08,0.9999545915522015,0.9999321639438479
4444,14,0.022514880835048295,1.2804358866476521e-07,0.9999399721206115,0.9999152239331224
4444,15,0.022794595388856507,5.3094338112913344e-08,0.9999716939547848,0.9999205210248854
4444,16,0.02278316341466964,5.6157524800800896e-08,0.9999546869672421,0.9999326363088756
4444,17,0.022599933660175816,1.0525376448923822e-07,0.9999684479777191,0.999904607907257
4444,18,0.02134078789176989,4.4264068409252267e-07,0.9999418234315307,0.999949926651443
4444,19,0.022696849115500434,7.928535975455948e-08,0.9999480657674594,0.9999238088043917
4444,20,0.018259129756917906,1.268368071243563e-06,0.9998951707826061,0.9999024854624115
4444,21,0.02006489974732869,7.845137075442382e-07,0.9999684320936231,0.9998483486782654
4444,22,0.022609473819066004,1.0269748792360841e-07,0.9999757203190359,0.9999194868874914
4444,23,0.022952638716884112,1.0746777611963687e-08,0.9999284116990914,0.9998493305948305
4444,24,0.019246167088103224,1.003892350435118e-06,0.9999218084118718,0.9999435117972062
4444,25,0.01970827525565532,8.800709033191875e-07,0.9999536044212687,1.000000908292465
4444,26,0.0226886842304367,8.14731329970931e-08,0.9999652134955714,0.9999020974702072
4444,27,0.022486563397075464,1.356312194287607e-07,0.9999708810684649,0.9999784758309935
4444,28,0.022049769114587215,2.526698349463315e-07,0.9999627339447491,0.9999755972221679
4444,29,0.014065797055592631,2.3919676087005775e-06,0.9999386022883575,1.0000317463006223
4444,30,0.021743100847634117,3.3484130748232743e-07,0.9999045030440221,0.9998660872357897
4444,31,0.009824481485740767,3.5284241104679353e-06,1.0000421925905716,0.999896593354018
4444,32,0.022713281302473628,7.488237077239394e-08,0.9999385468968119,0.9999037632572133
4444,33,0.022728809256655807,7.072167011269352e-08,0.9999541174597412,0.9998820422804436
4444,34,2.2986139046268387e-08,6.160884647082307e-06,0.9998361991865173,0.999920095426832
4444,35,0.020903405477680898,5.598368889171261e-07,0.9999326202128398,0.9999397632086628
4444,36,0.022539420519355938,1.2146820342793701e-07,0.9999260717204003,0.9998862080918688
4444,37,0.01918698573529528,1.0197499380336567e-06,1.0000045638360264,0.9999081460554698
4444,38,0.022181008322896035,2.1750441301226644e-07,0.9999436224602338,0.9999335434535236
4444,39,0.022986139046268388,1.7703959885991317e-09,0.9999686760748062,0.9999401624148715
4444,40,0.02268864288202199,8.148421226576846e-08,0.9999571664472939,0.9999425569721299
4444,41,0.020793693306312724,5.892341616314341e-07,0.9999824298927978,0.9998881186157569
4444,42,0.02212984859476778,2.3121261385289192e-07,0.9999415833124957,0.9999308984467006
4444,43,0.020129014980966475,7.673340912365228e-07,0.9999214099637488,0.9999300704559974
4444,44,0.011117096737479614,3.182069074411618e-06,0.9998784009375578,0.9999347852750405
4444,45,0.022854888015717247,3.693898568132987e-08,0.9999587609894739,0.9998987518044464
4444,46,0.019251047394058998,1.0025846770628566e-06,1.0000118418391688,0.9999235616707718
4444,47,0.015811567758526282,1.924189997422005e-06,0.9998933382992982,0.9999249924683373
4444,48,0.016935519106898236,1.62302829499954e-06,0.9998960025931791,0.999918988945172
4444,49,0.021850895400703257,3.0595785878039303e-07,0.999976164123929,0.9998970667395175
5000,0,0.01904947123077392,7.0505834609463856e-09,0.9999949958709706,0.9999983736177052
5000,1,0.02331217293336207,5.74854694872398e-10,0.9999979988871908,0.9999983870256365
5000,2,0.02365572512558698,5.2943717032251585e-11,0.9999989692310699,0.9999986587494818
5000,3,0.021321378690771768,3.5991910063363294e-09,0.9999997423199226,0.9999934853694499
5000,4,0.023566346233013076,1.887246151817115e-10,0.9999991030563508,0.9999968352739557
5000,5,0.02211220503198014,2.3977987335383776e-09,0.9999999998159553,0.9999951028995987
5000,6,0.023317805024373403,5.662986437292684e-10,0.9999978820891017,0.9999981344423733
5000,7,0.02191559971171662,2.6964738032062024e-09,0.9999976522258253,1.0000004919052439
5000,8,0.022370788191362623,2.004969368392151e-09,0.9999971912465416,0.9999988513713804
5000,9,0.021565164626027443,3.2288410020794325e-09,0.9999993273199254,0.9999929727493296
5000,10,0.02138300693352754,3.5055678039025745e-09,0.9999955222788456,0.9999969484051583
5000,11,0.010444414988592615,2.0123046450168576e-08,0.9999889993210177,0.9999921416169039
5000,12,0.02331480890901591,5.708502243372218e-10,0.9999983847214026,0.9999991532262335
5000,13,0.02353851573402414,2.310036146170775e-10,0.9999970116039282,0.9999955134285287
5000,14,0.022773482330326427,1.3932122712361418e-09,0.999997065282164,0.999997851593906
5000,15,0.02318855602841848,7.626486347650701e-10,0.9999990465513917,0.9999953331407027
5000,16,0.02311202302438815,8.789145642933674e-10,0.9999997674531567,1.00000249946449
5000,17,0.019092831778537857,6.9847118222396095e-09,0.9999989252134716,0.9999894936603881
5000,18,0.023616486112355724,1.1255408258509446e-10,0.9999990752310278,0.9999992073398428
5000,19,0.02333195590225074,5.44801186640066e-10,0.9999985165869569,0.9999947037970718
5000,20,0.016247188033408938,1.1307701875036717e-08,0.9999926292589117,0.9999958667642928
5000,21,0.007528179847694992,2.4553276174918134e-08,1.0000053428287452,0.9999950253123638
5000,22,0.018284616379034148,8.212520868453748e-09,1.0000028715987144,0.9999966854604867
5000,23,0.02334548375113702,5.242502106891084e-10,0.9999984984559965,0.999994712191997
5000,24,0.022605259084761402,1.6487704093452064e-09,0.9999968031568521,0.9999976542253597
5000,25,0.02367008896974679,3.1122729943103006e-11,0.9999967675967659,0.999993080513984
5000,26,0.002356526212508676,3.240984896611606e-08,1.0000086933188752,0.9999994049794887
5000,27,0.021422982869942726,3.4448379336333598e-09,0.9999993333475105,0.9999927977999065
5000,28,0.020874890482515656,4.277478331053763e-09,1.000004195462735,1.0000018641701913
5000,29,0.022883271829241717,1.2264243827224039e-09,0.9999957672109088,0.9999950107997259
5000,30,0.020162372722855797,5.359907286794779e-09,0.9999935381237317,0.9999943688549144
5000,31,0.015328227503354193,1.2703750567758729e-08,1.000003188520666,0.9999951104708711
5000,32,0.020760049587373767,4.451940102033537e-09,0.9999987619602894,0.9999908527847574
5000,33,0.023448517895572698,3.677247909993336e-10,0.999996080457487,0.9999940380610661
5000,34,0.020672681330016603,4.584666522243993e-09,0.9999973722505245,0.9999879785923066
5000,35,0.005131330184925731,2.8194475909754298e-08,0.9999904894220308,0.9999977431895861
5000,36,0.020655790999373327,4.6103256482271096e-09,0.9999984733683883,0.9999901585176582
5000,37,2.3681631489798166e-08,3.598979090131748e-08,1.0000091673964555,0.9999993860643922
5000,38,0.022863975817194963,1.2557381252734755e-09,0.9999978306107393,0.9999991982190821
5000,39,0.021258753583098876,3.69432860674351e-09,1.0000018100765047,0.9999975447532292
5000,40,0.018096855262459553,8.4977601717374e-09,1.000000691378123,0.9999921646863359
5000,41,0.02159727576157405,3.1800590279515673e-09,0.9999983949422715,1.0000024268036678
5000,42,0.022819961334349964,1.3226031964348337e-09,0.9999983003119085,1.0000002334138685
5000,43,0.023562692182866427,1.9427570444347851e-10,1.0000008639847444,1.000003119118088
5000,44,0.02128264137970157,3.6580392056990354e-09,0.9999918895276609,0.9999897726671673
5000,45,0.020632421596451546,4.645827525980989e-09,0.9999938784582791,0.9999945454400578
5000,46,0.02368163148979817,1.3587787471210677e-11,0.9999995111386467,0.9999993876376568
5000,47,0.023337328905246337,5.366387318200026e-10,0.9999991094907588,0.999995904148137
5000,48,0.023676191650634882,2.1851777168433398e-11,0.9999985957418265,0.9999976373537237
5000,49,0.015830051131122253,1.1941399850170361e-08,0.9999968613794867,1.0000046459317873
